Rn222 scaling,Sensitivity (yrs)
0.01,1.0900638675694818e+28
0.1,1.1080929137252111e+28
0.3,1.095548465645303e+28
1.0,1.023455969668644e+28
3.0,9.365172367613075e+27
10.0,7.932249819562987e+27
30.0,6.261402086182717e+27
100.0,4.328832157992127e+27
