Xe137 scaling,Sensitivity (yrs)
0.01,1.4093220553204142e+28
0.1,1.4047758551419612e+28
0.3,1.3802868941172994e+28
1.0,1.3566371186729222e+28
3.0,1.2371605542443409e+28
10.0,1.0615003414844802e+28
100.0,5.872967162427619e+27
