Rn222 scaling,Sensitivity (yrs)
0.01,1.6685077206666974
0.1,1.5692991534919207
0.3,1.4939297258799586
1.0,1.3116882984759275
3.0,1.1490251057889393
10.0,0.9236066067741422
30.0,0.7540788140155982
100.0,0.5056377533747554
