Rn222 scaling,Sensitivity (yrs)
0.01,1.7326696046870038
0.1,1.634778666569094
0.3,1.5669087941303048
1.0,1.3735244809306786
3.0,1.2166327567599002
10.0,0.9819767782219331
30.0,0.7451222935177587
100.0,0.5205801930723772
