Xe137 scaling,Sensitivity (yrs)
0.001,3.066764190802873e+28
0.01,2.7132742373458443e+28
0.1,2.124295195580527e+28
0.3,1.7178718544142327e+28
1.0,1.3317446944770887e+28
